sport_code	year	year_id	division_id	team_id	team_name	team_url
MSO	2017	12440	2	30093	AUM	http://stats.ncaa.org/team/30093/12440
MSO	2017	12440	2	30123	Academy of Art	http://stats.ncaa.org/team/30123/12440
MSO	2017	12440	2	929	Adams St.	http://stats.ncaa.org/team/929/12440
MSO	2017	12440	2	3	Adelphi	http://stats.ncaa.org/team/3/12440
MSO	2017	12440	2	10	Ala.-Huntsville	http://stats.ncaa.org/team/10/12440
MSO	2017	12440	2	934	Alderson Broaddus	http://stats.ncaa.org/team/934/12440
MSO	2017	12440	2	22	American Int'l	http://stats.ncaa.org/team/22/12440
MSO	2017	12440	2	13028	Anderson (SC)	http://stats.ncaa.org/team/13028/12440
MSO	2017	12440	2	35	Ashland	http://stats.ncaa.org/team/35/12440
MSO	2017	12440	2	36	Assumption	http://stats.ncaa.org/team/36/12440
MSO	2017	12440	2	30146	Azusa Pacific	http://stats.ncaa.org/team/30146/12440
MSO	2017	12440	2	2685	BYU-Hawaii	http://stats.ncaa.org/team/2685/12440
MSO	2017	12440	2	49	Barry	http://stats.ncaa.org/team/49/12440
MSO	2017	12440	2	15646	Barton	http://stats.ncaa.org/team/15646/12440
MSO	2017	12440	2	52	Bellarmine	http://stats.ncaa.org/team/52/12440
MSO	2017	12440	2	2683	Belmont Abbey	http://stats.ncaa.org/team/2683/12440
MSO	2017	12440	2	56	Bentley	http://stats.ncaa.org/team/56/12440
MSO	2017	12440	2	984	Bloomfield	http://stats.ncaa.org/team/984/12440
MSO	2017	12440	2	65	Bloomsburg	http://stats.ncaa.org/team/65/12440
MSO	2017	12440	2	30094	Brevard	http://stats.ncaa.org/team/30094/12440
MSO	2017	12440	2	74	Bridgeport	http://stats.ncaa.org/team/74/12440
MSO	2017	12440	2	91	Cal Poly Pomona	http://stats.ncaa.org/team/91/12440
MSO	2017	12440	2	92	Cal St. Dom. Hills	http://stats.ncaa.org/team/92/12440
MSO	2017	12440	2	98	Cal St. East Bay	http://stats.ncaa.org/team/98/12440
MSO	2017	12440	2	100	Cal St. L.A.	http://stats.ncaa.org/team/100/12440
MSO	2017	12440	2	30055	Cal St. Monterey Bay	http://stats.ncaa.org/team/30055/12440
MSO	2017	12440	2	93	Cal St. San B'dino	http://stats.ncaa.org/team/93/12440
MSO	2017	12440	2	30198	Cal St. San Marcos	http://stats.ncaa.org/team/30198/12440
MSO	2017	12440	2	995	Caldwell	http://stats.ncaa.org/team/995/12440
MSO	2017	12440	2	106	California (PA)	http://stats.ncaa.org/team/106/12440
MSO	2017	12440	2	30135	California Baptist	http://stats.ncaa.org/team/30135/12440
MSO	2017	12440	2	1000	Carson-Newman	http://stats.ncaa.org/team/1000/12440
MSO	2017	12440	2	1001	Catawba	http://stats.ncaa.org/team/1001/12440
MSO	2017	12440	2	30124	Cedarville	http://stats.ncaa.org/team/30124/12440
MSO	2017	12440	2	133	Chaminade	http://stats.ncaa.org/team/133/12440
MSO	2017	12440	2	1013	Charleston (WV)	http://stats.ncaa.org/team/1013/12440
MSO	2017	12440	2	21323	Chestnut Hill	http://stats.ncaa.org/team/21323/12440
MSO	2017	12440	2	95	Chico St.	http://stats.ncaa.org/team/95/12440
MSO	2017	12440	2	8875	Chowan	http://stats.ncaa.org/team/8875/12440
MSO	2017	12440	2	1015	Christian Bros.	http://stats.ncaa.org/team/1015/12440
MSO	2017	12440	2	20576	Clayton St.	http://stats.ncaa.org/team/20576/12440
MSO	2017	12440	2	1023	Coker	http://stats.ncaa.org/team/1023/12440
MSO	2017	12440	2	11403	Colo. Christian	http://stats.ncaa.org/team/11403/12440
MSO	2017	12440	2	11416	Colorado Mesa	http://stats.ncaa.org/team/11416/12440
MSO	2017	12440	2	155	Colorado Mines	http://stats.ncaa.org/team/155/12440
MSO	2017	12440	2	2720	Colorado St.-Pueblo	http://stats.ncaa.org/team/2720/12440
MSO	2017	12440	2	1028	Concord	http://stats.ncaa.org/team/1028/12440
MSO	2017	12440	2	30199	Concordia (CA)	http://stats.ncaa.org/team/30199/12440
MSO	2017	12440	2	162	Concordia (NY)	http://stats.ncaa.org/team/162/12440
MSO	2017	12440	2	30200	Concordia Portland	http://stats.ncaa.org/team/30200/12440
MSO	2017	12440	2	30174	Daemen	http://stats.ncaa.org/team/30174/12440
MSO	2017	12440	2	1045	Dallas Baptist	http://stats.ncaa.org/team/1045/12440
MSO	2017	12440	2	174	Davis & Elkins	http://stats.ncaa.org/team/174/12440
MSO	2017	12440	2	181	Delta St.	http://stats.ncaa.org/team/181/12440
MSO	2017	12440	2	186	Dist. Columbia	http://stats.ncaa.org/team/186/12440
MSO	2017	12440	2	30095	Dixie St.	http://stats.ncaa.org/team/30095/12440
MSO	2017	12440	2	30118	Dominican (CA)	http://stats.ncaa.org/team/30118/12440
MSO	2017	12440	2	8956	Dominican (NY)	http://stats.ncaa.org/team/8956/12440
MSO	2017	12440	2	1057	Drury	http://stats.ncaa.org/team/1057/12440
MSO	2017	12440	2	197	East Stroudsburg	http://stats.ncaa.org/team/197/12440
MSO	2017	12440	2	206	Eastern N.M.	http://stats.ncaa.org/team/206/12440
MSO	2017	12440	2	208	Eckerd	http://stats.ncaa.org/team/208/12440
MSO	2017	12440	2	9680	Embry-Riddle (FL)	http://stats.ncaa.org/team/9680/12440
MSO	2017	12440	2	30193	Emmanuel (GA)	http://stats.ncaa.org/team/30193/12440
MSO	2017	12440	2	1072	Erskine	http://stats.ncaa.org/team/1072/12440
MSO	2017	12440	2	23157	Felician	http://stats.ncaa.org/team/23157/12440
MSO	2017	12440	2	1079	Findlay	http://stats.ncaa.org/team/1079/12440
MSO	2017	12440	2	233	Fla. Southern	http://stats.ncaa.org/team/233/12440
MSO	2017	12440	2	30092	Flagler	http://stats.ncaa.org/team/30092/12440
MSO	2017	12440	2	230	Florida Tech	http://stats.ncaa.org/team/230/12440
MSO	2017	12440	2	9011	Fort Hays St.	http://stats.ncaa.org/team/9011/12440
MSO	2017	12440	2	1083	Fort Lewis	http://stats.ncaa.org/team/1083/12440
MSO	2017	12440	2	1085	Francis Marion	http://stats.ncaa.org/team/1085/12440
MSO	2017	12440	2	241	Franklin Pierce	http://stats.ncaa.org/team/241/12440
MSO	2017	12440	2	30147	Fresno Pacific	http://stats.ncaa.org/team/30147/12440
MSO	2017	12440	2	1097	Ga. Southwestern	http://stats.ncaa.org/team/1097/12440
MSO	2017	12440	2	246	Gannon	http://stats.ncaa.org/team/246/12440
MSO	2017	12440	2	9004	Georgian Court	http://stats.ncaa.org/team/9004/12440
MSO	2017	12440	2	8366	Goldey-Beacom	http://stats.ncaa.org/team/8366/12440
MSO	2017	12440	2	1116	Harding	http://stats.ncaa.org/team/1116/12440
MSO	2017	12440	2	2697	Hawaii Hilo	http://stats.ncaa.org/team/2697/12440
MSO	2017	12440	2	2696	Hawaii Pacific	http://stats.ncaa.org/team/2696/12440
MSO	2017	12440	2	1126	Holy Family	http://stats.ncaa.org/team/1126/12440
MSO	2017	12440	2	30175	Holy Names	http://stats.ncaa.org/team/30175/12440
MSO	2017	12440	2	291	Humboldt St.	http://stats.ncaa.org/team/291/12440
MSO	2017	12440	2	30050	Ill.-Springfield	http://stats.ncaa.org/team/30050/12440
MSO	2017	12440	2	30051	King (TN)	http://stats.ncaa.org/team/30051/12440
MSO	2017	12440	2	333	Ky. Wesleyan	http://stats.ncaa.org/team/333/12440
MSO	2017	12440	2	362	LIU Post	http://stats.ncaa.org/team/362/12440
MSO	2017	12440	2	2746	Lake Erie	http://stats.ncaa.org/team/2746/12440
MSO	2017	12440	2	1167	Lander	http://stats.ncaa.org/team/1167/12440
MSO	2017	12440	2	349	Le Moyne	http://stats.ncaa.org/team/349/12440
MSO	2017	12440	2	30013	Lee	http://stats.ncaa.org/team/30013/12440
MSO	2017	12440	2	13302	Lees-McRae	http://stats.ncaa.org/team/13302/12440
MSO	2017	12440	2	1170	Lenoir-Rhyne	http://stats.ncaa.org/team/1170/12440
MSO	2017	12440	2	354	Lewis	http://stats.ncaa.org/team/354/12440
MSO	2017	12440	2	1174	Limestone	http://stats.ncaa.org/team/1174/12440
MSO	2017	12440	2	1176	Lincoln Memorial	http://stats.ncaa.org/team/1176/12440
MSO	2017	12440	2	30136	Lindenwood (MO)	http://stats.ncaa.org/team/30136/12440
MSO	2017	12440	2	360	Lock Haven	http://stats.ncaa.org/team/360/12440
MSO	2017	12440	2	30177	Lubbock Christian	http://stats.ncaa.org/team/30177/12440
MSO	2017	12440	2	20794	Lynn	http://stats.ncaa.org/team/20794/12440
MSO	2017	12440	2	413	MSU Denver	http://stats.ncaa.org/team/413/12440
MSO	2017	12440	2	30137	Malone	http://stats.ncaa.org/team/30137/12440
MSO	2017	12440	2	1199	Mars Hill	http://stats.ncaa.org/team/1199/12440
MSO	2017	12440	2	30075	Mary	http://stats.ncaa.org/team/30075/12440
MSO	2017	12440	2	395	Maryville (MO)	http://stats.ncaa.org/team/395/12440
MSO	2017	12440	2	30138	McKendree	http://stats.ncaa.org/team/30138/12440
MSO	2017	12440	2	407	Mercy	http://stats.ncaa.org/team/407/12440
MSO	2017	12440	2	408	Mercyhurst	http://stats.ncaa.org/team/408/12440
MSO	2017	12440	2	410	Merrimack	http://stats.ncaa.org/team/410/12440
MSO	2017	12440	2	1222	Midwestern St.	http://stats.ncaa.org/team/1222/12440
MSO	2017	12440	2	423	Millersville	http://stats.ncaa.org/team/423/12440
MSO	2017	12440	2	429	Mississippi Col.	http://stats.ncaa.org/team/429/12440
MSO	2017	12440	2	435	Missouri S&T	http://stats.ncaa.org/team/435/12440
MSO	2017	12440	2	436	Mo.-St. Louis	http://stats.ncaa.org/team/436/12440
MSO	2017	12440	2	437	Molloy	http://stats.ncaa.org/team/437/12440
MSO	2017	12440	2	205	Mont. St. Billings	http://stats.ncaa.org/team/205/12440
MSO	2017	12440	2	1238	Montevallo	http://stats.ncaa.org/team/1238/12440
MSO	2017	12440	2	1245	Mount Olive	http://stats.ncaa.org/team/1245/12440
MSO	2017	12440	2	477	NYIT	http://stats.ncaa.org/team/477/12440
MSO	2017	12440	2	470	New Haven	http://stats.ncaa.org/team/470/12440
MSO	2017	12440	2	1257	Newberry	http://stats.ncaa.org/team/1257/12440
MSO	2017	12440	2	30054	Newman	http://stats.ncaa.org/team/30054/12440
MSO	2017	12440	2	30052	North Georgia	http://stats.ncaa.org/team/30052/12440
MSO	2017	12440	2	9223	North Greenville	http://stats.ncaa.org/team/9223/12440
MSO	2017	12440	2	12810	Northeastern St.	http://stats.ncaa.org/team/12810/12440
MSO	2017	12440	2	506	Northern Mich.	http://stats.ncaa.org/team/506/12440
MSO	2017	12440	2	1274	Northwest Nazarene	http://stats.ncaa.org/team/1274/12440
MSO	2017	12440	2	510	Northwood	http://stats.ncaa.org/team/510/12440
MSO	2017	12440	2	30126	Notre Dame (OH)	http://stats.ncaa.org/team/30126/12440
MSO	2017	12440	2	30056	Notre Dame de Namur	http://stats.ncaa.org/team/30056/12440
MSO	2017	12440	2	24639	Nova Southeastern	http://stats.ncaa.org/team/24639/12440
MSO	2017	12440	2	1277	Nyack	http://stats.ncaa.org/team/1277/12440
MSO	2017	12440	2	1278	Oakland City	http://stats.ncaa.org/team/1278/12440
MSO	2017	12440	2	30119	Ohio Dominican	http://stats.ncaa.org/team/30119/12440
MSO	2017	12440	2	15207	Ohio Valley	http://stats.ncaa.org/team/15207/12440
MSO	2017	12440	2	30202	Okla. Baptist	http://stats.ncaa.org/team/30202/12440
MSO	2017	12440	2	30179	Okla. Christian	http://stats.ncaa.org/team/30179/12440
MSO	2017	12440	2	1289	Ouachita Baptist	http://stats.ncaa.org/team/1289/12440
MSO	2017	12440	2	24361	P.R.-Mayaguez	http://stats.ncaa.org/team/24361/12440
MSO	2017	12440	2	2716	P.R.-Rio Piedras	http://stats.ncaa.org/team/2716/12440
MSO	2017	12440	2	30045	Palm Beach Atl.	http://stats.ncaa.org/team/30045/12440
MSO	2017	12440	2	542	Pfeiffer	http://stats.ncaa.org/team/542/12440
MSO	2017	12440	2	543	Philadelphia U.	http://stats.ncaa.org/team/543/12440
MSO	2017	12440	2	546	Pitt.-Johnstown	http://stats.ncaa.org/team/546/12440
MSO	2017	12440	2	30149	Point Loma	http://stats.ncaa.org/team/30149/12440
MSO	2017	12440	2	1318	Post	http://stats.ncaa.org/team/1318/12440
MSO	2017	12440	2	11504	Queens (NC)	http://stats.ncaa.org/team/11504/12440
MSO	2017	12440	2	560	Queens (NY)	http://stats.ncaa.org/team/560/12440
MSO	2017	12440	2	561	Quincy	http://stats.ncaa.org/team/561/12440
MSO	2017	12440	2	568	Regis (CO)	http://stats.ncaa.org/team/568/12440
MSO	2017	12440	2	30150	Roberts Wesleyan	http://stats.ncaa.org/team/30150/12440
MSO	2017	12440	2	1328	Rockhurst	http://stats.ncaa.org/team/1328/12440
MSO	2017	12440	2	30180	Rogers St.	http://stats.ncaa.org/team/30180/12440
MSO	2017	12440	2	584	Rollins	http://stats.ncaa.org/team/584/12440
MSO	2017	12440	2	11276	S.C. Aiken	http://stats.ncaa.org/team/11276/12440
MSO	2017	12440	2	591	Saginaw Valley	http://stats.ncaa.org/team/591/12440
MSO	2017	12440	2	608	Saint Leo	http://stats.ncaa.org/team/608/12440
MSO	2017	12440	2	1343	Saint Martin's	http://stats.ncaa.org/team/1343/12440
MSO	2017	12440	2	613	Saint Michael's	http://stats.ncaa.org/team/613/12440
MSO	2017	12440	2	1347	Saint Rose	http://stats.ncaa.org/team/1347/12440
MSO	2017	12440	2	19117	Salem Int'l	http://stats.ncaa.org/team/19117/12440
MSO	2017	12440	2	628	San Fran. St.	http://stats.ncaa.org/team/628/12440
MSO	2017	12440	2	634	Seattle Pacific	http://stats.ncaa.org/team/634/12440
MSO	2017	12440	2	30063	Seton Hill	http://stats.ncaa.org/team/30063/12440
MSO	2017	12440	2	10870	Shepherd	http://stats.ncaa.org/team/10870/12440
MSO	2017	12440	2	638	Shippensburg	http://stats.ncaa.org/team/638/12440
MSO	2017	12440	2	30151	Shorter	http://stats.ncaa.org/team/30151/12440
MSO	2017	12440	2	30127	Simon Fraser	http://stats.ncaa.org/team/30127/12440
MSO	2017	12440	2	30128	Sioux Falls	http://stats.ncaa.org/team/30128/12440
MSO	2017	12440	2	643	Slippery Rock	http://stats.ncaa.org/team/643/12440
MSO	2017	12440	2	645	Sonoma St.	http://stats.ncaa.org/team/645/12440
MSO	2017	12440	2	30139	South Dakota Mines	http://stats.ncaa.org/team/30139/12440
MSO	2017	12440	2	658	Southern Conn. St.	http://stats.ncaa.org/team/658/12440
MSO	2017	12440	2	661	Southern Ind.	http://stats.ncaa.org/team/661/12440
MSO	2017	12440	2	468	Southern N.H.	http://stats.ncaa.org/team/468/12440
MSO	2017	12440	2	30152	Southern Nazarene	http://stats.ncaa.org/team/30152/12440
MSO	2017	12440	2	30192	Southern Wesleyan	http://stats.ncaa.org/team/30192/12440
MSO	2017	12440	2	2755	Southwest Baptist	http://stats.ncaa.org/team/2755/12440
MSO	2017	12440	2	30191	Spring Hill	http://stats.ncaa.org/team/30191/12440
MSO	2017	12440	2	593	St. Anselm	http://stats.ncaa.org/team/593/12440
MSO	2017	12440	2	1334	St. Edward's	http://stats.ncaa.org/team/1334/12440
MSO	2017	12440	2	604	St. Joseph's (IN)	http://stats.ncaa.org/team/604/12440
MSO	2017	12440	2	1346	St. Mary's (TX)	http://stats.ncaa.org/team/1346/12440
MSO	2017	12440	2	1348	St. Thomas Aquinas	http://stats.ncaa.org/team/1348/12440
MSO	2017	12440	2	103	Stanislaus St.	http://stats.ncaa.org/team/103/12440
MSO	2017	12440	2	682	Stonehill	http://stats.ncaa.org/team/682/12440
MSO	2017	12440	2	689	Tampa	http://stats.ncaa.org/team/689/12440
MSO	2017	12440	2	30090	Tex. A&M Int'l	http://stats.ncaa.org/team/30090/12440
MSO	2017	12440	2	30088	Tex. Permian Basin	http://stats.ncaa.org/team/30088/12440
MSO	2017	12440	2	1403	Tiffin	http://stats.ncaa.org/team/1403/12440
MSO	2017	12440	2	30002	Trevecca Nazarene	http://stats.ncaa.org/team/30002/12440
MSO	2017	12440	2	499	Truman	http://stats.ncaa.org/team/499/12440
MSO	2017	12440	2	12830	Tusculum	http://stats.ncaa.org/team/12830/12440
MSO	2017	12440	2	112	UC San Diego	http://stats.ncaa.org/team/112/12440
MSO	2017	12440	2	9754	UC-Colo. Springs	http://stats.ncaa.org/team/9754/12440
MSO	2017	12440	2	309	UIndy	http://stats.ncaa.org/team/309/12440
MSO	2017	12440	2	537	UNC Pembroke	http://stats.ncaa.org/team/537/12440
MSO	2017	12440	2	30153	Union (TN)	http://stats.ncaa.org/team/30153/12440
MSO	2017	12440	2	728	Upper Iowa	http://stats.ncaa.org/team/728/12440
MSO	2017	12440	2	30104	Urbana	http://stats.ncaa.org/team/30104/12440
MSO	2017	12440	2	30141	Walsh	http://stats.ncaa.org/team/30141/12440
MSO	2017	12440	2	358	West Ala.	http://stats.ncaa.org/team/358/12440
MSO	2017	12440	2	765	West Chester	http://stats.ncaa.org/team/765/12440
MSO	2017	12440	2	11740	West Florida	http://stats.ncaa.org/team/11740/12440
MSO	2017	12440	2	767	West Tex. A&M	http://stats.ncaa.org/team/767/12440
MSO	2017	12440	2	9630	West Va. Wesleyan	http://stats.ncaa.org/team/9630/12440
MSO	2017	12440	2	1448	Western Wash.	http://stats.ncaa.org/team/1448/12440
MSO	2017	12440	2	30209	Westminster (UT)	http://stats.ncaa.org/team/30209/12440
MSO	2017	12440	2	12799	Wheeling Jesuit	http://stats.ncaa.org/team/12799/12440
MSO	2017	12440	2	30120	William Jewell	http://stats.ncaa.org/team/30120/12440
MSO	2017	12440	2	1460	Wilmington (DE)	http://stats.ncaa.org/team/1460/12440
MSO	2017	12440	2	1462	Wingate	http://stats.ncaa.org/team/1462/12440
MSO	2017	12440	2	799	Wis.-Parkside	http://stats.ncaa.org/team/799/12440
MSO	2017	12440	2	30154	Young Harris	http://stats.ncaa.org/team/30154/12440
